Model,Accuracy,Precision,Recall,F1 Score,AUC
bank_g1,0.908,0.6436781609195402,0.47863247863247865,0.5490196078431373,0.9130779878231746
bank_g2,0.895,0.541095890410959,0.6752136752136753,0.6007604562737643,0.912400422026696
bank_g3,0.894,0.539568345323741,0.6410256410256411,0.5859375,0.9187308224680819
bank_g4,0.841,0.4186046511627907,0.9230769230769231,0.576,0.942310112185537
