Model,Accuracy,Precision,Recall,F1 Score,AUC
bank_g1,0.899,0.5547945205479452,0.6923076923076923,0.6159695817490495,0.9238803225213191
bank_g2,0.863,0.4504950495049505,0.7777777777777778,0.5705329153605015,0.9150816466784756
bank_g3,0.859,0.4423076923076923,0.7863247863247863,0.5661538461538461,0.9174724859889073
bank_g4,0.779,0.3424242424242424,0.9658119658119658,0.5055928411633109,0.9426488950837761
